database,table_name,partition,part_name,rows,bytes_on_disk,size_mb,modification_time
dananhu,points_data,202411,202411_1389_1511_3,2654706,12732806,12.14,2025-04-01 06:58:20
dananhu,points_data,202411,202411_1_1380_4,63027514,321438929,306.55,2025-04-05 17:04:04
dananhu,points_data,202412,202412_3_1518_4,91065600,467895498,446.22,2025-04-06 00:24:32
dananhu,points_data,202501,202501_1448_1517_2,4210752,18769085,17.9,2025-04-02 04:19:30
dananhu,points_data,202501,202501_4_1443_4,86854848,446278371,425.6,2025-04-09 18:59:52
dananhu,points_data,202502,202502_1182_1516_3,13469212,62463182,59.57,2025-03-29 13:54:21
dananhu,points_data,202502,202502_2_1175_4,68783588,357871135,341.29,2025-04-08 19:53:53
dananhu,points_data,202503,202503_1484_1515_2,1212150,6020225,5.74,2025-03-29 08:04:04
dananhu,points_data,202503,202503_588_1479_4,18495984,94628685,90.24,2025-04-01 16:48:52
dananhu,points_data,202505,202505_1519_1771_3,53165045,259184491,247.18,2025-07-07 15:37:31
dananhu,points_data,202505,202505_1773_1983_3,33218850,162252197,154.74,2025-07-12 00:17:35
dananhu,points_data,202505,202505_1985_1985_0,298098,1410758,1.35,2025-07-07 15:38:14
dananhu,points_data,202506,202506_1520_1809_3,93519872,446059967,425.4,2025-07-07 15:37:53
dananhu,points_data,202506,202506_1811_1974_3,61222484,290515235,277.06,2025-07-17 19:25:47
dananhu,points_data,202506,202506_1976_1984_1,2843836,13660985,13.03,2025-07-08 18:23:20
dananhu,points_data_old,202411,202411_1_6_1_13,6307840,32584949,31.08,2025-05-17 11:20:15
dananhu,points_data_old,202411,202411_7_11_1_13,4934158,24626340,23.49,2025-05-17 11:20:15
dananhu,points_data_old,202505,202505_12_12_0_13,131342,524106,0.5,2025-05-17 11:20:15
default,points_data,202505,202505_18254_18254_0,4,516,0.0,2025-05-09 18:48:53
default,points_data,202505,202505_3348_18253_2972,44811,24826,0.02,2025-05-09 18:48:53
default,points_data,202506,202506_18255_18276_5,22,500,0.0,2025-06-20 09:44:59
ezhou,points_data,20250715,20250715_2_728_10,131678208,28213445,26.91,2025-07-21 14:34:07
ezhou,points_data,20250715,20250715_3032_3849_8,141180928,23251809,22.17,2025-07-21 14:50:51
ezhou,points_data,20250715,20250715_3851_4310_7,82633030,16140255,15.39,2025-07-21 14:51:38
ezhou,points_data,20250715,20250715_4311_4405_4,18370961,3896958,3.72,2025-07-21 14:51:35
ezhou,points_data,20250715,20250715_4408_4414_1,196608,18869,0.02,2025-07-21 15:16:37
ezhou,points_data,20250715,20250715_729_3030_10,416134352,88357840,84.26,2025-07-21 14:50:48
ezhou,points_data,20250716,20250716_1_2065_7,718569472,217866006,207.77,2025-07-21 14:48:49
ezhou,points_data,20250716,20250716_2067_4403_6,820654439,253271155,241.54,2025-07-26 14:26:15
ezhou,points_data,20250716,20250716_4406_4415_1,6030181,1308512,1.25,2025-07-21 14:51:32
ezhou,points_data,20250716,20250716_4416_4421_1,5496832,1403697,1.34,2025-07-21 14:51:33
heat_economy,points_data,202411,202411_1413629_1413833_51,92045,292792,0.28,2024-11-30 23:59:59
heat_economy,points_data,202411,202411_1_1413628_1638,638491780,2526311698,2409.28,2024-12-29 11:45:54
heat_economy,points_data,202412,202412_1413834_1911561_1516,223461215,886011953,844.97,2024-12-06 20:08:02
heat_economy,points_data,202412,202412_1911562_2376427_1538,208708868,824426622,786.23,2024-12-17 04:39:15
heat_economy,points_data,202412,202412_2376428_2389657_1099,5937579,22863183,21.8,2024-12-17 14:39:10
heat_economy,points_data,202502,202502_2389658_3642614_1706,562540622,2229987226,2126.68,2025-03-25 03:08:25
heat_economy,points_data,202502,202502_3642615_3645170_1187,1147644,3489707,3.33,2025-03-03 12:38:25
heat_economy,points_data,202502,202502_3645171_3645171_0,449,7966,0.01,2025-02-28 23:59:59
heat_economy,points_data,202503,202503_3645172_5860222_1695,996487374,3956759061,3773.46,2025-03-28 09:02:12
heat_economy,points_data,202503,202503_5860223_5933805_1642,33112350,131908456,125.8,2025-04-02 13:22:56
heat_economy,points_data,202503,202503_5933806_5934296_109,220950,687638,0.66,2025-03-28 10:26:08
heat_economy,points_data,202504,202504_5934297_7271976_1682,601914681,2395419621,2284.45,2025-05-11 03:17:15
heat_economy,points_data,202504,202504_7271977_7543603_1377,122232150,485466679,462.98,2025-05-10 04:08:40
heat_economy,points_data,202504,202504_7543604_7555511_1147,5358600,19348280,18.45,2025-05-03 06:34:14
heat_economy,points_data,202504,202504_7555512_7555514_1,1350,11878,0.01,2025-04-28 03:47:07
kashi,points_data,202407,202407_1_5_1,4347291,18991081,18.11,2024-10-15 15:39:17
matou,points_data,20250401,20250401_1_304_4,320315392,168702545,160.89,2025-06-05 11:39:54
matou,points_data,20250401,20250401_305_360_3,58689545,30757357,29.33,2025-06-10 07:42:01
matou,points_data,20250616,20250616_361_510_4,158191930,49172127,46.89,2025-06-24 14:34:19
matou,points_data,20250620,20250620_511_840_64,651,1878,0.0,2025-06-20 18:13:15
matou,points_data,20250623,20250623_841_1637_154,805,2213,0.0,2025-06-23 16:44:06
matou,points_data,20250624,20250624_13147_13147_0,1,378,0.0,2025-06-24 23:59:59
matou,points_data,20250624,20250624_1638_13146_2298,11653,27140,0.03,2025-06-24 23:59:56
matou,points_data,20250625,20250625_13148_40883_15840,28095,60858,0.06,2025-06-26 00:21:37
matou,points_data,20250625,20250625_40884_40885_1,2,357,0.0,2025-06-26 00:59:44
matou,points_data,20250626,20250626_40886_62065_8152,21462,43680,0.04,2025-06-27 00:21:26
matou,points_data,20250626,20250626_62066_62067_1,2,357,0.0,2025-06-27 00:59:58
matou,points_data,20250627,20250627_62068_105266_7903,94287128,98091219,93.55,2025-07-05 14:32:08
matou,points_data,20250628,20250628_105248_105248_0,1,399,0.0,2025-07-03 09:37:48
matou,points_data,20250628,20250628_81268_105246_12516,52303,121972,0.12,2025-07-03 10:48:36
matou,points_data,20250629,20250629_98835_105053_1247,18133,38185,0.04,2025-06-29 08:19:35
matou,points_data,20250630,20250630_105054_105103_10,51,633,0.0,2025-06-30 11:06:17
matou,points_data,20250630,20250630_105104_105104_0,1,345,0.0,2025-06-30 11:06:18
matou,points_data,20250711,20250711_105267_138157_9912,17249283,5267970,5.02,2025-07-11 22:50:04
matou,points_data,20250711,20250711_138158_142360_919,2254362,400289,0.38,2025-07-12 00:05:44
matou,points_data,20250712,20250712_142361_206137_8255,34631358,12279310,11.71,2025-07-12 17:43:47
matou,points_data,20250712,20250712_206138_228709_8151,12138996,3730110,3.56,2025-07-15 13:48:38
matou,points_data,20250712,20250712_228710_228711_1,628,4668,0.0,2025-07-13 00:59:59
matou,points_data,20250713,20250713_228712_315017_8270,46512208,20446954,19.5,2025-07-19 13:28:19
matou,points_data,20250713,20250713_315018_315022_1,3346,18040,0.02,2025-07-14 00:00:11
matou,points_data,20250714,20250714_315023_400546_8076,45123118,20467835,19.52,2025-07-25 06:01:03
matou,points_data,20250714,20250714_400547_400547_0,314,3568,0.0,2025-07-14 23:59:59
matou,points_data,20250715,20250715_400548_460086_8161,32175260,11621737,11.08,2025-07-15 16:33:03
matou,points_data,20250715,20250715_460087_486896_7439,14822126,5292161,5.05,2025-07-19 12:32:24
matou,points_data,20250715,20250715_486897_486898_1,630,4702,0.0,2025-07-16 00:59:59
matou,points_data,20250716,20250716_486899_555108_7662,37037215,14352907,13.69,2025-07-16 18:57:36
matou,points_data,20250716,20250716_555109_572655_7750,9243189,2778231,2.65,2025-07-16 23:50:11
matou,points_data,20250716,20250716_572656_573250_119,315009,98831,0.09,2025-07-17 00:01:33
matou,points_data,20250717,20250717_573251_656426_7336,45138247,19055160,18.17,2025-07-17 23:07:14
matou,points_data,20250717,20250717_656427_659596_653,1719311,368668,0.35,2025-07-18 00:42:38
matou,points_data,20250717,20250717_659597_659597_0,315,3595,0.0,2025-07-17 23:59:59
matou,points_data,20250718,20250718_659598_745009_7497,46284258,21386773,20.4,2025-07-24 07:54:09
matou,points_data,20250718,20250718_745010_745923_183,517827,122988,0.12,2025-07-19 00:21:27
matou,points_data,20250719,20250719_745924_809492_7350,34007530,16553383,15.79,2025-07-19 17:40:40
matou,points_data,20250719,20250719_809493_832251_7412,12048287,5212277,4.97,2025-07-23 02:44:50
matou,points_data,20250719,20250719_832252_832255_1,1703,13271,0.01,2025-07-20 00:20:10
matou,points_data,20250720,20250720_832256_918639_7367,45016459,24117303,23.0,2025-07-28 04:49:36
matou,points_data,20250720,20250720_918640_918644_1,2461,16689,0.02,2025-07-21 00:00:14
matou,points_data,20250721,20250721_1003153_1003154_1,630,4702,0.0,2025-07-22 00:59:59
matou,points_data,20250721,20250721_918645_997160_10545,36734941,14276510,13.62,2025-07-21 22:20:13
matou,points_data,20250721,20250721_997161_1003152_1511,3094205,640032,0.61,2025-07-22 00:35:24
matou,points_data,20250722,20250722_1003155_1069786_8355,33403844,12948542,12.35,2025-07-22 18:31:25
matou,points_data,20250722,20250722_1069787_1086536_8069,8578055,2592630,2.47,2025-07-22 23:10:54
matou,points_data,20250722,20250722_1086537_1089486_590,1479090,288914,0.28,2025-07-23 00:04:16
matou,points_data,20250723,20250723_1089487_1164966_8976,42064320,12944330,12.34,2025-07-23 20:59:12
matou,points_data,20250723,20250723_1164967_1175802_3494,7693560,1068634,1.02,2025-07-23 23:59:56
matou,points_data,20250723,20250723_1175803_1175811_2,6390,17949,0.02,2025-07-24 00:20:11
matou,points_data,20250724,20250724_1175812_1221726_6545,31124550,5422383,5.17,2025-07-24 12:46:08
matou,points_data,20250724,20250724_1221727_1254531_6472,23291550,2828350,2.7,2025-07-24 21:53:17
matou,points_data,20250724,20250724_1254532_1262135_1521,5398840,614021,0.59,2025-07-25 00:26:15
matou,points_data,20250725,20250725_1262136_1299282_6462,26374370,3273555,3.12,2025-07-25 10:19:41
matou,points_data,20250725,20250725_1299283_1347676_10879,25595967,2450754,2.34,2025-07-27 23:36:07
matou,points_data,20250725,20250725_1347677_1347677_0,398,4912,0.0,2025-07-25 23:59:59
matou,points_data,20250726,20250726_1347678_1434065_21196,34382424,1913744,1.83,2025-07-26 23:59:58
matou,points_data,20250726,20250726_1434066_1434074_2,3582,8699,0.01,2025-07-27 00:00:12
matou,points_data,20250727,20250727_1434075_1520457_21611,34380434,1929523,1.84,2025-07-28 00:00:00
matou,points_data,20250727,20250727_1520458_1520464_2,2786,8307,0.01,2025-07-28 00:40:04
matou,points_data,20250728,20250728_1520465_1602376_18504,41062848,2689426,2.56,2025-07-28 22:46:06
matou,points_data,20250728,20250728_1602377_1606817_872,2526929,191616,0.18,2025-07-28 23:59:58
matou,points_data,20250728,20250728_1606818_1606818_0,569,7181,0.01,2025-07-28 23:59:59
matou,points_data,20250729,20250729_1606819_1644249_7996,21298239,1470097,1.4,2025-07-29 10:24:06
matou,points_data,20250729,20250729_1644250_1644254_1,2845,12217,0.01,2025-07-29 10:24:04
matou,points_data,20250729,20250729_1644255_1644255_0,569,7181,0.01,2025-07-29 10:24:05
matou,points_data,20250729,20250729_1644256_1644256_0,569,7181,0.01,2025-07-29 10:24:06
split_test,points_data_ax_20250410,20250410,20250410_1_1538_305,3076,27102,0.03,2025-04-10 15:00:04
split_test,points_data_ax_20250411,20250411,20250411_2_2_0_3,3076,27101,0.03,2025-04-10 14:46:50
split_test,points_data_ax_20250414,20250414,20250414_1_34_7,68,946,0.0,2025-04-14 08:40:41
split_test,points_data_ax_20250414,20250414,20250414_35_35_0,2,359,0.0,2025-04-14 08:41:52
split_test,points_data_dx_20250410,20250410,20250410_1_1538_308,1538,442,0.0,2025-04-10 15:00:05
split_test,points_data_dx_20250414,20250414,20250414_1_34_7,34,369,0.0,2025-04-14 08:40:41
split_test,points_data_dx_20250414,20250414,20250414_35_35_0,1,347,0.0,2025-04-14 08:41:52
test_udp,points_data,202411,202411_1_1678_68,32892811,35630775,33.98,2024-11-19 08:56:35
wuan,data_clean_point_data,202412,202412_1_81_5_79,62824,174203,0.17,2025-04-18 14:48:17
wuan,data_clean_point_data,202501,202501_12_71_6_79,599203,5261850,5.02,2025-04-18 14:04:39
wuan,data_clean_point_data,202501,202501_72_72_0_79,5604,49470,0.05,2025-04-18 14:04:39
wuan,points_data,202411,202411_16872_579215_2_636249,419665,2370543,2.26,2025-04-02 16:26:58
wuan,points_data,202411,202411_2_16870_6_636239,1655436335,7539849048,7190.56,2025-02-27 10:56:40
wuan,points_data,202412,202412_36464_592589_6_636249,14276775301,62363386074,59474.36,2025-04-02 16:26:58
wuan,points_data,202412,202412_592590_606605_6_636249,14793462412,64836213043,61832.63,2025-04-02 16:26:58
wuan,points_data,202412,202412_606606_636056_7_636249,26897328612,120457868670,114877.58,2025-05-30 20:31:05
wuan,points_data,202412,202412_636057_636269_8_636249,65492785,323571132,308.58,2025-06-09 01:44:38
xingtai,data_clean_point_data,202406,202406_3_3_0,14,793,0.0,2025-02-24 11:41:10
xingtai,data_clean_point_data,202408,202408_1_25_5,223443,2088011,1.99,2025-02-26 00:39:34
xingtai,data_clean_point_data,202410,202410_2_2_0,33,1280,0.0,2025-02-24 11:41:10
zhoushan,add_fault_tree,tuple(),all_1_229_69,1410,10710,0.01,2024-12-31 17:44:48
zhoushan,add_fault_tree,tuple(),all_230_230_0,4,385,0.0,2025-06-03 10:18:57
zhoushan,add_minimum_cutsets,tuple(),all_1_265_75,1240,4742,0.0,2024-12-31 17:21:51
zhoushan,add_minimum_cutsets,tuple(),all_266_266_0,3,163,0.0,2025-06-03 10:18:57
zhoushan,data_clean_point_data,202406,202406_2015_2015_0_3440,14,793,0.0,2024-12-02 16:31:48
zhoushan,data_clean_point_data,202406,202406_2016_2016_0_3440,14,771,0.0,2024-12-02 16:31:48
zhoushan,data_clean_point_data,202408,202408_3444_3444_0,183,2721,0.0,2024-12-04 10:18:55
zhoushan,data_clean_point_data,202408,202408_513_3443_326_3440,223260,2086039,1.99,2024-12-06 00:24:17
zhoushan,data_clean_point_data,202410,202410_1257_1257_0_3440,22,1060,0.0,2024-12-02 16:31:48
zhoushan,data_clean_point_data,202410,202410_363_1219_9_3440,33,1280,0.0,2024-12-02 16:31:48
zhoushan,data_clean_point_data,202412,202412_3445_3445_0,3589,47470,0.05,2025-04-18 11:41:46
zhoushan,data_clean_point_data,202412,202412_3446_3446_0,7178,30110,0.03,2025-04-18 11:41:48
zhoushan,points_data,202404,202404_4_6443_5_49789,218136576,1009683809,962.91,2024-11-06 10:08:04
zhoushan,points_data,202404,202404_6446_6683_3_49789,8953856,44160382,42.11,2024-11-06 10:08:04
zhoushan,points_data,202404,202404_6686_7032_3_49789,14016072,73583692,70.17,2024-11-06 10:08:04
zhoushan,points_data,202404,202404_7036_7041_1_49789,381496,2142598,2.04,2024-11-06 10:08:04
zhoushan,points_data,202405,202405_1_40984_6_49789,6042284014,28316189978,27004.42,2024-11-06 10:08:04
zhoushan,points_data,202405,202405_40988_48739_5_49789,980589670,4794994797,4572.86,2024-11-06 10:08:04
zhoushan,points_data,202405,202405_48743_48969_3_49789,35004416,144480440,137.79,2024-11-06 10:08:04
zhoushan,points_data,202406,202406_2_42024_6_49789,4954844532,23982536521,22871.53,2024-11-06 10:08:04
zhoushan,points_data,202406,202406_42025_49678_5_49789,1116737990,5389261483,5139.6,2024-11-06 10:08:04
zhoushan,points_data,202406,202406_49679_49694_2_49789,16195584,66852298,63.76,2024-11-06 10:08:04
zhoushan,points_data,202408,202408_3_46474_7_49789,3209699328,21939608173,20923.24,2024-11-06 10:08:04
zhoushan,points_data,202408,202408_46479_48723_4_49789,248725504,2326838541,2219.05,2024-11-06 10:08:04
zhoushan,points_data,202408,202408_48725_49010_3_49789,36208640,336938098,321.33,2024-11-06 10:08:04
zhoushan,points_data,202408,202408_49012_49364_3_49789,127691438,1001587909,955.19,2024-11-06 10:08:04
zhoushan,points_data,202408,202408_49366_49446_2_49789,32276480,259966552,247.92,2024-11-06 10:08:04
zhoushan,points_data,202408,202408_49448_49485_2_49789,14106624,143549144,136.9,2024-11-06 10:08:04
zhoushan,points_data,202408,202408_49487_49487_0_49789,13683,109177,0.1,2024-11-06 10:08:04
zhoushan,points_data,202409,202409_49695_49774_3_49789,83324692,686562937,654.76,2024-11-20 22:19:07
zhungeer,points_data,202411,202411_1_28_2,29408654,159906522,152.5,2024-11-29 10:59:10
zhungeer,points_data,202411,202411_29_29_0,1055942,7308624,6.97,2024-11-29 10:59:04
zhungeer,points_data,202411,202411_30_30_0,108954,698189,0.67,2024-11-29 10:59:04
