database,table_name,sample_row,point_code,point_value,date_time,point_type,param_code,dataset_id,data_type,create_date,fault_name,fault_condition,fault_name_code,fault_tree_id,minimum_cutset
dananhu,points_data,1,ADBZS,1040,2024-11-08 15:06:43,AX,_IEP_ADBZS_2,,,,,,,,
dananhu,points_data,2,ADBZS,1040,2024-11-08 15:06:44,AX,_IEP_ADBZS_2,,,,,,,,
dananhu,points_data,3,ADBZS,1040,2024-11-08 15:06:45,AX,_IEP_ADBZS_2,,,,,,,,
dananhu,points_data_old,1,ADBZS,1040,2024-11-08 15:06:43,AX,_IEP_ADBZS_2,,,,,,,,
dananhu,points_data_old,2,ADBZS,1040,2024-11-08 15:06:44,AX,_IEP_ADBZS_2,,,,,,,,
dananhu,points_data_old,3,ADBZS,1040,2024-11-08 15:06:45,AX,_IEP_ADBZS_2,,,,,,,,
default,points_data,1,_IEP_GRQ_1,7,2025-05-09 17:21:45,3,N,,,,,,,,
default,points_data,2,_IEP_GRQ_1,7,2025-05-09 17:21:46,3,N,,,,,,,,
default,points_data,3,_IEP_GRQ_1,7,2025-05-09 17:21:47,3,N,,,,,,,,
ezhou,points_data,1,-BMS20BMSFPL2,0,2025-07-15 16:24:53,1,,,,,,,,,
ezhou,points_data,2,-BMS20BMSFPL2,0,2025-07-15 16:24:54,1,,,,,,,,,
ezhou,points_data,3,-BMS20BMSFPL2,0,2025-07-15 16:24:55,1,,,,,,,,,
heat_economy,points_data,1,11JZCSWD1,38.6200714111328,2024-11-14 15:14:52,AX,_IEP_NBRKSWRJ_1,,,,,,,,
heat_economy,points_data,2,11JZCSWD1,38.6200714111328,2024-11-14 15:14:53,AX,_IEP_NBRKSWRJ_1,,,,,,,,
heat_economy,points_data,3,11JZCSWD1,38.6200714111328,2024-11-14 15:14:54,AX,_IEP_NBRKSWRJ_1,,,,,,,,
kashi,points_data,1,GV1PZ,251.0,2024-07-18 18:45:24,AX,_IEP_GTMGV1FK_6,,,,,,,,
kashi,points_data,2,GV1PZ,251.0,2024-07-18 18:45:25,AX,_IEP_GTMGV1FK_6,,,,,,,,
kashi,points_data,3,GV1PZ,251.0,2024-07-18 18:45:26,AX,_IEP_GTMGV1FK_6,,,,,,,,
matou,points_data,1,W3.UNIT10.10DEH10SDTJ2,0,2025-04-01 00:00:00,1,,,,,,,,,
matou,points_data,2,W3.UNIT10.10DEH10SDTJ2,0,2025-04-01 00:00:01,1,,,,,,,,,
matou,points_data,3,W3.UNIT10.10DEH10SDTJ2,0,2025-04-01 00:00:02,1,,,,,,,,,
split_test,points_data_ax_20250410,1,UNIT1.E91GE01AP,0.7431605665562909,2025-04-10 14:12:58,,,,,,,,,,
split_test,points_data_ax_20250410,2,UNIT1.E91GE01AP,0.8213900517737239,2025-04-10 14:12:59,,,,,,,,,,
split_test,points_data_ax_20250410,3,UNIT1.E91GE01AP,0.1817821974175885,2025-04-10 14:13:00,,,,,,,,,,
split_test,points_data_ax_20250411,1,UNIT1.E91GE01AP,0.74316055,2025-04-11 14:12:58,,,,,,,,,,
split_test,points_data_ax_20250411,2,UNIT1.E91GE01AP,0.82139003,2025-04-11 14:12:59,,,,,,,,,,
split_test,points_data_ax_20250411,3,UNIT1.E91GE01AP,0.1817822,2025-04-11 14:13:00,,,,,,,,,,
split_test,points_data_ax_20250414,1,UNIT1.E91GE01AP,0.2990648550958839,2025-04-14 08:39:57,,,,,,,,,,
split_test,points_data_ax_20250414,2,UNIT1.E91GE01AP,0.3493656867829995,2025-04-14 08:39:58,,,,,,,,,,
split_test,points_data_ax_20250414,3,UNIT1.E91GE01AP,0.3427168850244007,2025-04-14 08:39:59,,,,,,,,,,
split_test,points_data_dx_20250410,1,UNIT2.B26DEH02AGC,1,2025-04-10 14:12:58,,,,,,,,,,
split_test,points_data_dx_20250410,2,UNIT2.B26DEH02AGC,1,2025-04-10 14:12:59,,,,,,,,,,
split_test,points_data_dx_20250410,3,UNIT2.B26DEH02AGC,1,2025-04-10 14:13:00,,,,,,,,,,
split_test,points_data_dx_20250414,1,UNIT2.B26DEH02AGC,1,2025-04-14 08:39:57,,,,,,,,,,
split_test,points_data_dx_20250414,2,UNIT2.B26DEH02AGC,1,2025-04-14 08:39:58,,,,,,,,,,
split_test,points_data_dx_20250414,3,UNIT2.B26DEH02AGC,1,2025-04-14 08:39:59,,,,,,,,,,
test_udp,points_data,1,1,1017.0,2024-11-14 14:29:28,AX,N,,,,,,,,
test_udp,points_data,2,1,1018.0,2024-11-14 14:29:29,AX,N,,,,,,,,
test_udp,points_data,3,1,1020.0,2024-11-14 14:29:31,AX,N,,,,,,,,
wuan,data_clean_point_data,1,UNIT1.B02PT02A,9.1462918,2024-12-02 16:29:00,0,,1899649912931680257,0,2025-03-13 15:26:51,,,,,
wuan,data_clean_point_data,2,UNIT1.B02PT02A,9.146459636363636,2024-12-02 16:29:01,0,,1899649912931680257,0,2025-03-13 15:26:51,,,,,
wuan,data_clean_point_data,3,UNIT1.B02PT02A,9.146599499999999,2024-12-02 16:29:02,0,,1899649912931680257,0,2025-03-13 15:26:51,,,,,
wuan,points_data,1,UNIT2.02AM10RGZD001,7.006492321624085e-45,2024-11-30 00:00:00,AX,N,,,,,,,,
wuan,points_data,2,UNIT2.02AM10RGZD001,7.006492321624085e-45,2024-11-30 00:00:01,AX,N,,,,,,,,
wuan,points_data,3,UNIT2.02AM10RGZD001,7.006492321624085e-45,2024-11-30 00:00:02,AX,N,,,,,,,,
xingtai,data_clean_point_data,1,10AGC01XB11SEL_AO21,446.0846,2024-06-26 00:00:48,,,0,1,2024-11-19 10:43:06,,,,,
xingtai,data_clean_point_data,2,10AGC01XB11SEL_AO21,446.00236666666666,2024-06-26 00:00:49,,,0,1,2024-11-19 10:43:06,,,,,
xingtai,data_clean_point_data,3,10AGC01XB11SEL_AO21,445.96125,2024-06-26 00:00:50,,,0,1,2024-11-19 10:43:06,,,,,
zhoushan,add_fault_tree,1,,,,,,,,,#1主变压器高压侧有功功率过大,"10BAT01CE301XQ01>50, #1主变压器高压侧有功功率过大",10BAT01CE301XQ01,898898989898989891,
zhoushan,add_fault_tree,2,,,,,,,,,#1主变压器高压侧有功功率过大,"10BAT01CE301XQ01>50, #1主变压器高压侧有功功率过大",10BAT01CE301XQ01,1869217782525075457,
zhoushan,add_fault_tree,3,,,,,,,,,#1主变压器高压侧有功功率过大,"10BAT01CE301XQ01>50, #1主变压器高压侧有功功率过大",10BAT01CE301XQ01,1869220814751121409,
zhoushan,add_minimum_cutsets,1,,,,,,,,,,,,888999,"#1主变压器高压侧有功功率过大,A汽泵再循环流量异常"
zhoushan,add_minimum_cutsets,2,,,,,,,,,,,,333,"#1主变压器高压侧有功功率过大,A汽泵再循环流量异常"
zhoushan,add_minimum_cutsets,3,,,,,,,,,,,,3333,"#1主变压器高压侧有功功率过大,A汽泵再循环流量异常"
zhoushan,data_clean_point_data,1,10AGC01XB11SEL_AO21,446.0846,2024-06-26 00:00:48,,,0,1,2024-11-19 10:43:06,,,,,
zhoushan,data_clean_point_data,2,10AGC01XB11SEL_AO21,446.00236666666666,2024-06-26 00:00:49,,,0,1,2024-11-19 10:43:06,,,,,
zhoushan,data_clean_point_data,3,10AGC01XB11SEL_AO21,445.96125,2024-06-26 00:00:50,,,0,1,2024-11-19 10:43:06,,,,,
zhoushan,points_data,1,00LCE51AA101XB12,0.3751418,2024-04-30 00:00:00,AX,\N,,,,,,,,
zhoushan,points_data,2,00LCE51AA101XB12,0.3753309,2024-04-30 00:00:01,AX,\N,,,,,,,,
zhoushan,points_data,3,00LCE51AA101XB12,0.3753309,2024-04-30 00:00:02,AX,\N,,,,,,,,
zhungeer,points_data,1,DCS.UNIT1:10AGCLOADSP,164.59707641601562,2024-11-18 14:20:36,DX,N,,,,,,,,
zhungeer,points_data,2,DCS.UNIT1:10AGCLOADSP,164.59707641601562,2024-11-18 14:20:37,DX,N,,,,,,,,
zhungeer,points_data,3,DCS.UNIT1:10AGCLOADSP,164.59707641601562,2024-11-18 14:20:38,DX,N,,,,,,,,
