database_name,inspection_time
INFORMATION_SCHEMA,2025-07-29 10:24:08
dananhu,2025-07-29 10:24:08
default,2025-07-29 10:24:08
ezhou,2025-07-29 10:24:08
heat_economy,2025-07-29 10:24:08
information_schema,2025-07-29 10:24:08
kashi,2025-07-29 10:24:08
matou,2025-07-29 10:24:08
split_test,2025-07-29 10:24:08
system,2025-07-29 10:24:08
test,2025-07-29 10:24:08
test_udp,2025-07-29 10:24:08
wuan,2025-07-29 10:24:08
xingtai,2025-07-29 10:24:08
zhoushan,2025-07-29 10:24:08
zhungeer,2025-07-29 10:24:08
